{
 "mean": [
  37.881952095031735,
  -10.590188431739808,
  30.686522579193117
 ],
 "std": [
  18.368166683746338,
  4.080211077762604,
  8.650975011421203
 ]
}